age,income,loan_amount,loan_term_months,credit_score,current_debt,current_loans,employment,credit_history,approved
60,14471301,33427546,48,540,32868828,1,Hợp đồng,Xấu,0
63,56705370,66674928,36,616,17063198,0,Ổn định,Tốt,1
52,47400793,34246390,36,501,225227988,1,Không ổn định,Xấu,0
20,57922700,105716440,48,616,182670606,2,Hợp đồng,Tốt,1
26,13224068,223971919,6,583,46164955,4,Tự doanh,Tốt,1
54,15376941,223224098,6,682,39349722,5,Tự doanh,Xấu,0
65,11667767,44601779,48,516,38840994,0,Hợp đồng,Tốt,1
37,37427850,215867784,12,589,95367253,1,Tự doanh,Xấu,1
58,49612671,111879360,36,773,131431865,1,Không ổn định,Trung bình,1
60,53181767,137904996,48,566,30031457,1,Ổn định,Trung bình,1
37,11441842,133270549,36,848,42235350,1,Không ổn định,Trung bình,1
29,24775807,94963459,12,781,144680614,2,Không ổn định,Xấu,1
43,21718366,94266288,36,652,12201654,0,Ổn định,Tốt,1
63,35330675,54106178,24,595,159957580,3,Tự doanh,Xấu,0
63,55366822,81499497,48,674,143250681,5,Tự doanh,Tốt,1
47,17613787,263591060,6,769,96593904,2,Hợp đồng,Xấu,0
60,27028290,292549434,36,501,41027479,2,Hợp đồng,Xấu,0
58,28753744,282318192,6,457,97436907,2,Hợp đồng,Tốt,1
56,12285296,65984845,48,648,9289546,4,Hợp đồng,Tốt,1
55,18081482,162301192,36,846,81415657,3,Hợp đồng,Xấu,0
65,27918926,234207359,48,732,100239303,3,Không ổn định,Tốt,1
34,11296705,201508307,6,701,30885476,4,Hợp đồng,Tốt,0
65,49352602,51607612,12,434,16864703,2,Ổn định,Xấu,1
37,51894338,280604924,12,676,71034381,5,Không ổn định,Tốt,1
46,19778193,70640778,6,737,57854710,2,Không ổn định,Trung bình,1
23,52188729,72837693,6,606,182161696,0,Hợp đồng,Tốt,1
54,37105945,95259798,24,493,74771393,3,Hợp đồng,Tốt,1
55,13570543,47159403,48,676,1980765,0,Hợp đồng,Tốt,1
51,39303416,134754704,60,605,15739821,1,Không ổn định,Tốt,1
36,59618087,264280759,18,616,298375846,5,Không ổn định,Tốt,1
38,21609659,51397978,36,776,72772208,0,Tự doanh,Tốt,1
57,38996735,289965740,60,671,42260526,0,Ổn định,Tốt,1
58,11560776,146274130,24,461,33046464,4,Ổn định,Xấu,0
46,51115566,189849767,18,504,168676179,1,Tự doanh,Trung bình,1
62,50318824,181059704,24,561,38946288,0,Không ổn định,Xấu,1
24,43080034,134436349,36,535,35556038,2,Ổn định,Tốt,1
38,17586210,255248548,60,678,94427530,2,Ổn định,Xấu,0
62,13951572,92096993,18,459,14366125,5,Hợp đồng,Trung bình,0
58,21135116,204082453,12,751,85125977,2,Không ổn định,Trung bình,1
25,49566108,247405510,60,541,23668901,0,Tự doanh,Tốt,1
30,56743164,257208633,36,761,229612665,4,Ổn định,Tốt,1
64,17002863,39342459,60,589,78183110,4,Hợp đồng,Trung bình,0
22,27686867,215770789,60,840,10709198,2,Hợp đồng,Xấu,1
62,13898363,209879769,60,686,54543049,4,Hợp đồng,Tốt,0
31,34668609,33307079,12,777,89170356,3,Hợp đồng,Trung bình,1
64,14254174,225375523,60,419,63174945,1,Hợp đồng,Trung bình,0
39,22273674,139681170,6,737,25921441,3,Tự doanh,Trung bình,1
37,30565017,293485089,24,747,143939314,2,Ổn định,Tốt,1
31,45962717,162521168,6,455,233304641,2,Tự doanh,Trung bình,0
44,45694168,122047765,18,422,234106598,0,Hợp đồng,Trung bình,1
24,51576236,197274793,36,560,66907706,5,Tự doanh,Xấu,1
62,34406784,195118112,24,756,79364338,4,Hợp đồng,Tốt,1
62,32444008,113430216,36,691,80785617,3,Ổn định,Trung bình,1
33,35849305,193006239,24,626,118691366,5,Hợp đồng,Xấu,1
30,51214725,65524257,18,663,179952827,0,Hợp đồng,Xấu,1
34,20363383,99110057,6,423,32862209,3,Ổn định,Trung bình,1
60,45632620,124386621,48,756,206146870,3,Không ổn định,Tốt,1
61,53145559,22976848,60,840,57223618,3,Hợp đồng,Tốt,1
23,44406869,153787304,60,462,122530539,1,Không ổn định,Xấu,1
48,48114401,291000712,24,825,239398044,1,Không ổn định,Trung bình,1
35,49792734,168880396,60,798,279870706,3,Hợp đồng,Trung bình,1
24,54885185,173399134,12,539,180306775,2,Ổn định,Tốt,1
34,32705063,102036700,48,509,17241301,3,Không ổn định,Trung bình,1
46,11178581,131043367,60,615,26137346,4,Ổn định,Xấu,0
50,7395679,208849071,18,785,26171560,3,Hợp đồng,Trung bình,0
37,36248457,280727063,6,599,90229086,5,Không ổn định,Xấu,1
49,15564956,34477503,24,703,75751409,5,Ổn định,Tốt,1
28,37984058,117565028,6,533,101764919,2,Hợp đồng,Trung bình,1
41,58085260,223541836,18,785,226325894,2,Ổn định,Trung bình,1
54,10495405,207883528,12,732,4604900,5,Ổn định,Tốt,1
32,8367679,101809649,12,464,31780144,5,Ổn định,Xấu,0
49,53940299,157569787,60,588,90081110,4,Ổn định,Tốt,1
26,45834875,33785996,18,694,201491389,3,Hợp đồng,Tốt,1
26,53787830,181910968,60,750,322343530,0,Ổn định,Trung bình,1
62,31868590,57020865,36,731,91598546,0,Không ổn định,Trung bình,1
47,31306027,266820682,48,478,116900190,1,Tự doanh,Xấu,1
49,36230909,164093758,18,836,65899606,0,Tự doanh,Trung bình,1
49,45241962,223468333,18,414,265378780,2,Hợp đồng,Trung bình,0
42,24337736,202718024,18,850,74160281,4,Ổn định,Xấu,1
25,23197130,238199436,24,684,64511464,5,Không ổn định,Xấu,1
48,8157175,69957637,18,513,27138900,5,Hợp đồng,Trung bình,0
50,44142941,204553344,24,781,147743780,2,Tự doanh,Xấu,1
37,27577120,154971321,12,461,51696452,2,Ổn định,Xấu,1
32,21521327,279952136,18,770,79133014,4,Tự doanh,Tốt,1
38,22266136,213746548,12,554,1898961,5,Hợp đồng,Trung bình,0
23,44135291,176839665,48,464,171226831,3,Ổn định,Tốt,1
50,39125966,256474887,18,494,13791333,2,Không ổn định,Tốt,1
45,40000553,59772562,36,722,184267793,0,Hợp đồng,Tốt,1
25,23655813,83593198,36,791,111715862,4,Hợp đồng,Xấu,1
48,36710503,179640245,60,701,115113132,2,Ổn định,Xấu,1
33,48977603,133293290,18,738,43587190,1,Hợp đồng,Tốt,1
30,7179564,239321201,24,752,39849994,3,Tự doanh,Tốt,0
38,54443002,171783270,48,840,243756212,0,Hợp đồng,Trung bình,1
47,14702507,140693652,48,476,35652586,1,Ổn định,Tốt,1
39,46932729,174946631,24,463,251630304,5,Tự doanh,Xấu,0
37,40586119,285104289,24,441,160534244,0,Không ổn định,Xấu,0
58,23801905,33886110,6,517,5568815,5,Tự doanh,Xấu,0
31,38574775,298616589,48,626,74667087,1,Không ổn định,Xấu,1
25,38541863,206810170,24,570,86183419,5,Ổn định,Tốt,1
46,53551652,286002906,18,739,214991164,4,Ổn định,Trung bình,1
40,23938200,193556292,6,795,108494915,4,Ổn định,Xấu,1
46,10637574,120707610,36,585,41784251,3,Không ổn định,Tốt,0
37,43857506,90337190,18,624,236450462,5,Không ổn định,Tốt,1
60,47860685,148471847,48,481,166832711,4,Ổn định,Xấu,1
25,22079405,80913975,24,460,86934122,1,Không ổn định,Xấu,0
52,54339373,166793872,24,827,259039987,3,Hợp đồng,Trung bình,1
44,19791645,292859750,48,850,18321839,0,Tự doanh,Trung bình,1
52,24929653,21377213,18,771,80142975,4,Không ổn định,Tốt,1
54,39503600,205287007,18,682,204782075,4,Không ổn định,Trung bình,1
32,53808327,148207750,36,596,125392880,3,Ổn định,Trung bình,1
65,32583989,227274450,48,805,175025017,1,Không ổn định,Tốt,1
52,46606338,198238298,60,451,236387597,0,Không ổn định,Tốt,1
46,50941630,102872049,6,640,142283022,2,Không ổn định,Xấu,1
41,52255365,224015990,18,720,261964808,4,Ổn định,Xấu,1
35,49356498,174285427,12,782,48522035,3,Ổn định,Xấu,1
48,18164551,180774624,6,423,43536830,0,Tự doanh,Trung bình,1
47,16769023,151102499,36,610,75957578,5,Hợp đồng,Tốt,0
25,47902301,225376907,36,749,129294510,3,Hợp đồng,Tốt,1
60,24044130,266730032,18,741,2522603,3,Tự doanh,Xấu,1
24,36643983,205524129,36,553,171513801,3,Tự doanh,Trung bình,1
32,32816326,279420352,6,521,102371698,4,Tự doanh,Xấu,0
64,26812600,31778731,60,737,106248295,2,Ổn định,Xấu,1
58,57007656,286678430,60,546,123543871,4,Tự doanh,Tốt,1
59,23819279,93432792,48,449,10582417,2,Không ổn định,Tốt,1
28,13048748,178436219,18,782,55767881,1,Hợp đồng,Tốt,1
53,40674876,166312007,60,484,68979880,3,Tự doanh,Xấu,1
27,38429187,60426037,12,786,60562982,5,Không ổn định,Xấu,1
25,33479450,27472523,18,674,33175598,3,Tự doanh,Xấu,1
57,32570188,219433392,6,745,62766089,3,Ổn định,Xấu,1
59,21855701,53939388,48,821,62312933,5,Tự doanh,Xấu,1
27,16380276,44345382,6,555,66118957,0,Ổn định,Tốt,1
44,37443517,219185291,48,780,186960996,4,Không ổn định,Xấu,1
46,50951064,73161835,60,650,219105546,2,Ổn định,Xấu,1
33,36754935,258744268,12,837,97357793,0,Tự doanh,Xấu,1
23,33718699,168112723,12,462,122062265,0,Hợp đồng,Xấu,0
23,59800891,199051364,12,464,303105493,1,Ổn định,Xấu,0
57,21492249,145090213,18,796,19804386,4,Ổn định,Trung bình,1
28,43253245,154568947,60,489,29508128,5,Ổn định,Tốt,1
42,59910744,147738556,36,565,8472405,1,Tự doanh,Tốt,1
46,42305002,81015005,48,432,127841302,3,Tự doanh,Xấu,0
48,40812042,138943616,36,422,195217804,5,Tự doanh,Trung bình,0
23,39143931,235616622,24,751,28980782,3,Không ổn định,Tốt,1
40,47822149,99636119,6,464,147648089,4,Tự doanh,Trung bình,1
49,40926958,250961505,6,806,188382478,0,Hợp đồng,Trung bình,1
34,34770558,201962524,60,632,107033318,3,Ổn định,Trung bình,1
40,51634633,156842917,18,478,254620634,0,Ổn định,Tốt,1
47,13480329,220063257,60,466,74674816,0,Tự doanh,Xấu,0
46,30729565,247062494,60,769,13809950,2,Tự doanh,Trung bình,1
56,41051879,134213276,12,736,129436731,1,Ổn định,Trung bình,1
27,58177597,169555171,36,515,230377969,4,Ổn định,Xấu,0
21,19107517,166710922,48,790,41471222,2,Tự doanh,Tốt,1
29,45005165,235169459,6,472,16458905,0,Hợp đồng,Trung bình,1
49,29877142,104508460,18,559,87075868,4,Ổn định,Tốt,1
30,57629334,46716032,48,441,146084101,3,Không ổn định,Trung bình,1
46,25331916,135732707,60,662,30552654,2,Không ổn định,Tốt,1
63,52532441,281258969,36,741,165581400,0,Hợp đồng,Trung bình,1
20,20718603,181823285,12,792,18419343,2,Tự doanh,Trung bình,1
20,40378964,251206151,12,466,102061158,4,Hợp đồng,Xấu,0
24,33646995,42710854,24,409,123414341,0,Tự doanh,Xấu,1
56,34140360,244247736,18,458,108725032,0,Tự doanh,Tốt,1
64,31283523,67314370,24,832,28417419,1,Không ổn định,Xấu,1
53,12277916,232475625,60,558,45568701,1,Tự doanh,Tốt,0
52,49494988,81217586,36,661,104101257,2,Tự doanh,Xấu,1
35,13899095,98621642,18,501,23286644,4,Hợp đồng,Xấu,0
31,58864957,285277059,24,786,302653181,4,Không ổn định,Xấu,1
60,28215722,101044636,24,434,125875045,3,Tự doanh,Trung bình,0
42,41046802,59830807,18,636,121309705,0,Ổn định,Trung bình,1
24,50262834,68477567,36,704,272229962,3,Không ổn định,Xấu,0
48,45363230,121060294,18,709,255351388,4,Hợp đồng,Tốt,1
26,30047718,65273856,36,730,46320930,0,Hợp đồng,Xấu,1
48,42169645,105226223,18,590,246406781,2,Không ổn định,Trung bình,1
63,47123441,48113521,60,723,179663501,0,Tự doanh,Tốt,1
38,23911150,100731065,18,441,37964391,2,Tự doanh,Xấu,1
28,46932540,65483174,18,686,202228163,5,Tự doanh,Tốt,1
61,51993543,247314562,36,585,9787446,2,Tự doanh,Tốt,1
41,58415872,281064713,12,515,73854839,1,Ổn định,Trung bình,1
52,58732526,40265528,48,572,331803119,1,Không ổn định,Tốt,1
31,53496083,108873162,48,624,23457195,3,Tự doanh,Xấu,1
48,47976365,172969517,60,783,241016365,1,Hợp đồng,Trung bình,1
32,31685388,256543931,24,793,75637522,3,Không ổn định,Tốt,1
58,16287768,154219454,6,728,64503785,2,Ổn định,Xấu,1
38,12628764,106067031,18,630,68901038,1,Không ổn định,Tốt,1
48,30460257,34318450,24,427,106422300,4,Tự doanh,Tốt,1
25,32159963,140548330,6,563,26597423,5,Tự doanh,Tốt,1
22,26252150,273647309,48,825,37256879,5,Không ổn định,Trung bình,1
25,8275329,157398112,12,827,10034091,4,Không ổn định,Tốt,1
35,27209914,85416832,6,522,112696060,5,Không ổn định,Tốt,0
51,47046479,28823660,48,663,129889545,5,Hợp đồng,Trung bình,1
20,48259172,209416668,12,692,223643027,1,Ổn định,Xấu,1
24,42303251,292369483,60,659,148754033,0,Không ổn định,Trung bình,1
60,32963165,220415194,18,782,4359991,2,Ổn định,Trung bình,1
62,49161611,75654115,60,697,178519568,1,Ổn định,Trung bình,1
61,18750032,269442517,48,645,84790150,1,Hợp đồng,Tốt,1
22,26692597,128228341,6,805,53544775,0,Tự doanh,Trung bình,1
54,38769320,155996793,6,785,173651031,1,Tự doanh,Trung bình,1
61,29275088,166682051,6,809,98789394,3,Không ổn định,Xấu,1
44,29752362,120296728,24,754,133552918,2,Tự doanh,Tốt,1
25,35897556,116881836,36,550,86224537,0,Ổn định,Trung bình,1
39,36924900,248769325,12,753,119160749,2,Không ổn định,Tốt,1
59,36188363,167400786,48,805,15396939,0,Không ổn định,Trung bình,1
21,16581767,255242244,6,464,9023909,1,Tự doanh,Trung bình,1
56,9173342,102376487,48,630,24895006,2,Không ổn định,Tốt,1
53,31625594,233692902,18,732,74810215,1,Ổn định,Tốt,1
51,41745297,227762265,36,460,70270140,2,Không ổn định,Tốt,1
64,39963887,127469928,6,469,228928814,0,Không ổn định,Tốt,1
25,52763497,191577377,48,577,34863901,4,Tự doanh,Trung bình,1
65,54618019,113464399,60,585,273136160,1,Ổn định,Tốt,1
35,40153251,34111130,18,683,153619546,2,Không ổn định,Xấu,1
59,12785823,55298247,18,603,64245343,4,Không ổn định,Trung bình,0
28,28275366,59817040,24,638,138877771,2,Hợp đồng,Xấu,1
28,36032521,289972938,60,428,33329247,4,Hợp đồng,Trung bình,0
30,28653396,141048438,18,665,76248637,0,Tự doanh,Tốt,1
28,48944540,182577720,36,673,50158992,4,Hợp đồng,Xấu,1
30,51206814,201258135,60,688,22116022,0,Ổn định,Tốt,1
61,21147110,243653325,36,727,4064904,3,Tự doanh,Xấu,1
50,23433478,238019264,18,632,19588546,5,Ổn định,Tốt,1
46,39497543,269345487,12,574,162849124,1,Tự doanh,Xấu,1
42,33757418,90204542,60,589,138238926,4,Ổn định,Trung bình,1
49,15222306,163597762,24,526,18908276,0,Ổn định,Trung bình,1
59,35060547,153289089,60,481,87895382,4,Tự doanh,Tốt,1
51,41542599,270619459,24,850,82823204,3,Ổn định,Tốt,1
52,37684228,149240206,12,698,94729555,0,Ổn định,Trung bình,1
58,50906647,272644392,18,674,4390209,0,Không ổn định,Tốt,1
43,58261559,236495383,18,423,215060622,0,Hợp đồng,Trung bình,1
24,32927430,290720127,24,791,147601139,2,Ổn định,Tốt,1
45,32044916,202045032,36,587,38726474,1,Không ổn định,Xấu,1
22,9611472,93570841,48,570,53953235,3,Không ổn định,Tốt,0
40,48142305,191009508,12,601,160650212,4,Tự doanh,Xấu,1
65,44777207,180948835,24,817,8931899,2,Tự doanh,Xấu,1
46,46171587,185183278,60,771,14306082,4,Không ổn định,Trung bình,1
23,46159584,277938978,12,668,204113132,1,Hợp đồng,Tốt,1
32,8270865,256780778,18,614,10162379,3,Hợp đồng,Trung bình,0
23,54363774,94132468,36,506,301123792,2,Không ổn định,Xấu,0
40,18622075,266779977,36,575,73319550,2,Tự doanh,Xấu,0
32,23543619,169790417,36,552,60362284,2,Tự doanh,Xấu,1
64,54310961,282531531,18,645,187262279,4,Tự doanh,Trung bình,1
56,52407350,223846761,24,819,185292767,1,Tự doanh,Tốt,1
65,12303575,205952495,24,735,34419327,5,Không ổn định,Tốt,1
54,25195408,165825667,12,455,64231791,1,Ổn định,Xấu,1
60,22625397,48180948,6,611,88662518,5,Không ổn định,Tốt,1
20,43933535,104793970,24,734,250995767,3,Không ổn định,Xấu,1
38,28553199,173231195,48,430,24014428,5,Hợp đồng,Xấu,0
31,35043786,114375840,6,828,106567418,3,Hợp đồng,Xấu,1
22,7621909,180198098,36,708,7200827,2,Tự doanh,Trung bình,1
28,40837139,271266739,18,498,217114322,0,Tự doanh,Tốt,1
61,24264753,119964865,6,777,90492861,2,Hợp đồng,Tốt,1
47,41579899,196054286,6,605,179652001,0,Hợp đồng,Tốt,1
40,23646158,23666894,18,596,63222254,3,Tự doanh,Trung bình,1
57,55511825,26139513,18,734,193033058,5,Hợp đồng,Tốt,1
49,27589425,105747318,24,751,134894310,5,Tự doanh,Xấu,1
60,26799638,217323628,36,513,58821885,1,Không ổn định,Tốt,1
58,32073538,243255414,48,681,126386949,4,Hợp đồng,Tốt,1
53,36980749,214231772,6,688,30120819,0,Hợp đồng,Xấu,1
30,29019601,299356237,24,459,55137041,5,Không ổn định,Tốt,1
23,37429326,90837076,36,612,122620906,4,Ổn định,Xấu,1
63,27680909,31687924,24,530,809459,5,Hợp đồng,Xấu,0
22,35433850,204967526,48,432,145267471,0,Ổn định,Trung bình,1
38,34438595,116626737,60,469,205575303,5,Không ổn định,Trung bình,0
48,32333351,221673162,6,749,177648580,4,Hợp đồng,Xấu,1
27,18977162,231021745,36,465,97691465,1,Ổn định,Tốt,0
49,52197810,247702002,36,594,123299956,1,Không ổn định,Trung bình,1
37,19648708,80583007,6,814,88610233,3,Ổn định,Tốt,1
24,13771063,38026124,24,706,6533225,1,Ổn định,Trung bình,1
34,43222667,136645516,60,842,208322992,0,Hợp đồng,Xấu,1
34,56091307,191210116,36,706,172155774,1,Tự doanh,Tốt,1
46,27166277,167722138,6,685,158824433,5,Hợp đồng,Xấu,1
55,40260548,45170705,18,729,180212136,3,Tự doanh,Xấu,1
46,17013824,181001409,24,494,101256014,4,Không ổn định,Tốt,0
39,54484675,97498252,60,637,30936615,4,Không ổn định,Trung bình,1
44,23297959,156899744,12,569,21225307,3,Tự doanh,Tốt,1
23,25016152,222490515,48,709,10615965,0,Hợp đồng,Xấu,1
50,21018309,198758852,18,407,28428357,1,Ổn định,Xấu,1
35,53682689,129797158,24,522,296395315,2,Tự doanh,Trung bình,1
54,50534952,212876007,18,533,193082733,4,Không ổn định,Trung bình,0
50,58112054,191923935,12,589,167998730,3,Ổn định,Xấu,1
29,8088499,160002034,36,699,38865623,5,Không ổn định,Trung bình,0
32,29136884,143490308,24,691,65962648,3,Tự doanh,Trung bình,1
61,56633319,283386497,24,486,189073142,1,Hợp đồng,Xấu,1
31,43382188,51531531,36,417,225235733,0,Ổn định,Tốt,1
28,49325671,144249856,6,762,81083424,0,Hợp đồng,Xấu,1
43,11056738,279418255,48,649,1055741,0,Không ổn định,Tốt,0
53,55465533,167500310,36,546,9203361,4,Không ổn định,Tốt,1
26,42190908,99938730,12,498,166371152,4,Tự doanh,Trung bình,1
45,12302891,220280541,24,635,32642810,5,Hợp đồng,Trung bình,0
61,50613678,37010490,6,607,203615822,3,Không ổn định,Tốt,1
64,18501357,64391773,24,832,58238367,5,Tự doanh,Xấu,1
53,9855600,143354950,12,844,46458641,4,Không ổn định,Trung bình,0
24,52931235,170524113,36,688,17664011,1,Tự doanh,Tốt,1
57,16676531,233833546,6,553,21803703,4,Hợp đồng,Xấu,0
63,43276530,198096102,24,786,198573833,1,Ổn định,Xấu,1
23,13555582,254659969,12,829,10202996,2,Không ổn định,Trung bình,1
60,25342666,261887292,24,516,95512341,4,Không ổn định,Trung bình,0
63,46317413,224049987,6,795,158580651,1,Ổn định,Tốt,1
29,32501367,102826773,48,599,85007665,2,Ổn định,Tốt,1
39,36845718,213229233,60,538,27442537,1,Ổn định,Tốt,1
48,44378632,295114584,24,452,7049626,0,Tự doanh,Xấu,1
58,47134039,194177204,60,597,6625318,2,Không ổn định,Trung bình,1
55,23290174,299765867,12,750,102201975,1,Hợp đồng,Trung bình,1
37,40092987,98348163,6,485,116682523,2,Không ổn định,Trung bình,1
24,31234682,155130266,12,769,167781202,3,Hợp đồng,Trung bình,1
28,27445252,23633203,24,570,101975933,2,Không ổn định,Trung bình,1
61,46889033,93081270,18,564,107831321,3,Tự doanh,Tốt,1
40,26558754,283607541,36,800,65075276,2,Không ổn định,Trung bình,1
43,14642882,127266832,36,679,24149421,5,Ổn định,Xấu,1
65,21069265,255393711,60,549,111572755,5,Ổn định,Trung bình,0
28,49502462,182582039,12,529,82755016,5,Không ổn định,Trung bình,0
48,47126661,277287168,36,605,271985591,5,Không ổn định,Xấu,0
43,54085879,65624329,6,793,133267986,5,Tự doanh,Tốt,1
56,50287311,234543140,60,569,231099061,0,Ổn định,Tốt,1
34,41270902,298527431,36,697,184593508,4,Hợp đồng,Trung bình,1
45,38075645,288685522,12,576,6593487,3,Ổn định,Trung bình,1
25,14789281,96061280,18,559,46045630,3,Hợp đồng,Xấu,0
42,38954726,72410967,24,769,187035965,3,Tự doanh,Tốt,1
22,54699570,81785932,6,834,184188571,5,Ổn định,Xấu,1
35,41627764,113658864,36,481,88849359,4,Không ổn định,Trung bình,1
45,49262499,119026792,12,727,232000418,3,Ổn định,Xấu,1
48,46742081,250614426,24,402,115317781,1,Tự doanh,Xấu,1
56,13828464,120373298,18,566,26450861,3,Ổn định,Trung bình,1
53,49889851,188257551,36,598,210745458,4,Ổn định,Trung bình,1
49,48430508,112625001,60,744,159689476,4,Ổn định,Xấu,1
40,14909561,148082759,18,459,24567819,2,Hợp đồng,Xấu,0
46,47025459,94016940,36,596,227117217,1,Không ổn định,Xấu,1
55,18198155,282874563,18,471,25111946,2,Không ổn định,Xấu,0
42,7643133,280172435,12,499,25766057,4,Không ổn định,Trung bình,0
46,54656847,258291091,24,485,44383454,4,Ổn định,Tốt,1
22,25445067,140711891,36,547,45153252,3,Không ổn định,Xấu,0
56,14664278,163821761,60,678,49239353,4,Ổn định,Xấu,1
54,21666100,248253186,6,776,111410205,5,Hợp đồng,Trung bình,0
48,24637231,207140837,60,818,23349322,3,Ổn định,Tốt,1
57,53246972,208243498,60,763,229870442,1,Hợp đồng,Tốt,1
23,45257041,208342625,36,543,90396909,2,Tự doanh,Trung bình,1
52,52587005,71123621,12,784,220974037,0,Tự doanh,Xấu,1
64,15904732,154044449,12,764,43231088,1,Không ổn định,Trung bình,1
56,49439778,164266420,48,612,201419110,3,Ổn định,Xấu,0
45,41602234,169371279,48,849,99071788,3,Không ổn định,Trung bình,1
25,56052011,266128069,48,740,192319363,0,Không ổn định,Tốt,1
33,40199758,164169616,18,824,76126437,2,Hợp đồng,Xấu,1
41,52805284,45989524,6,450,246736080,0,Ổn định,Tốt,1
49,7045360,249673001,12,752,8852537,5,Tự doanh,Tốt,1
25,50928654,213507273,18,442,199632103,5,Hợp đồng,Tốt,1
60,27502378,145705016,24,735,24481095,5,Ổn định,Tốt,1
50,12230379,91242656,36,515,69718627,5,Không ổn định,Tốt,0
64,30056870,84743295,60,616,35480496,3,Ổn định,Tốt,1
25,56040700,74990170,6,560,197333176,2,Hợp đồng,Trung bình,1
61,52441900,96693656,6,671,302414668,0,Hợp đồng,Trung bình,1
33,49149737,101268367,24,715,237503028,1,Ổn định,Tốt,1
27,46565635,226175561,18,619,168847869,1,Hợp đồng,Trung bình,1
35,44137819,172965694,60,753,7200620,5,Tự doanh,Tốt,1
45,26833491,49296578,60,806,64247630,3,Không ổn định,Tốt,1
51,49820980,58124279,36,406,193863122,2,Hợp đồng,Trung bình,1
43,43665345,112755355,60,641,256209020,0,Ổn định,Xấu,1
20,24594956,135826111,6,430,106830607,4,Tự doanh,Xấu,1
47,54097714,235971043,6,727,288066043,4,Hợp đồng,Trung bình,1
39,12303047,294504617,12,813,20854365,4,Tự doanh,Trung bình,1
39,53887344,254873529,48,833,128117474,0,Hợp đồng,Tốt,1
27,37425269,49543266,18,741,199096835,5,Hợp đồng,Tốt,1
65,16208127,26093809,12,654,46533974,4,Tự doanh,Tốt,1
28,57316641,164291835,48,460,15760519,2,Không ổn định,Trung bình,1
36,54803203,61376658,24,633,274223934,2,Ổn định,Trung bình,1
43,17556894,156964402,60,452,77029205,5,Ổn định,Tốt,0
22,7824638,151292560,6,641,24426049,3,Hợp đồng,Tốt,0
55,54917124,245147182,12,564,133285281,3,Tự doanh,Trung bình,1
56,32018732,84102886,36,744,14139072,1,Hợp đồng,Xấu,1
45,11625574,269695532,60,544,41701149,2,Ổn định,Xấu,0
20,31757759,127734507,18,688,81580032,5,Hợp đồng,Trung bình,1
57,40108874,124916615,48,679,204140391,1,Hợp đồng,Tốt,1
21,22636213,205984807,48,829,2575588,2,Ổn định,Xấu,1
39,13975900,130162888,36,521,56346728,3,Ổn định,Tốt,0
25,9946096,144270888,60,666,27719772,5,Tự doanh,Trung bình,0
57,13414064,291349465,12,726,52928934,0,Ổn định,Trung bình,1
35,26574046,160118442,60,561,105482429,5,Tự doanh,Trung bình,1
37,22677384,60097508,12,469,29252172,1,Ổn định,Tốt,1
49,28074417,238244764,6,674,96177052,1,Không ổn định,Trung bình,1
36,15047262,68544344,12,813,40831043,5,Ổn định,Tốt,1
29,13121194,153261446,18,602,68915391,0,Tự doanh,Trung bình,0
21,34138302,262773652,36,783,147671952,1,Ổn định,Trung bình,1
28,15150590,26419325,6,825,29835008,1,Hợp đồng,Trung bình,1
63,49298552,65118323,36,700,138953276,0,Ổn định,Tốt,1
61,36758172,89144436,6,833,217134006,2,Ổn định,Tốt,1
23,18273564,252549056,60,770,53015826,3,Ổn định,Trung bình,1
31,30752729,135274829,12,540,75122884,3,Hợp đồng,Tốt,1
61,26804172,287840394,24,681,128588886,0,Ổn định,Trung bình,1
28,35134372,127083092,48,808,141147136,1,Ổn định,Trung bình,1
50,43541971,280210319,18,689,134860163,2,Không ổn định,Trung bình,1
21,28399511,137585571,6,815,75412288,0,Không ổn định,Xấu,1
57,22620401,105697919,6,526,64733961,2,Ổn định,Tốt,1
42,18657617,114543166,12,703,42681823,5,Tự doanh,Xấu,1
65,54013839,208807915,36,688,76290586,4,Hợp đồng,Trung bình,1
31,39912631,40381630,6,428,62444356,4,Hợp đồng,Tốt,1
20,29262291,128160365,60,466,91471809,5,Hợp đồng,Trung bình,0
21,16912785,96049195,60,456,70638102,2,Ổn định,Trung bình,1
57,13780154,200689849,18,565,18314232,1,Không ổn định,Xấu,0
61,28292528,113524345,48,687,164741251,2,Hợp đồng,Xấu,1
44,27590558,178117753,12,490,482621,5,Không ổn định,Xấu,0
31,47425619,190841402,60,713,118592234,5,Ổn định,Trung bình,1
41,57019144,61772121,12,577,171540284,1,Ổn định,Xấu,1
48,7764747,162384845,12,527,46518259,0,Tự doanh,Trung bình,0
20,10231121,227198400,24,775,28162451,1,Không ổn định,Trung bình,1
42,43643048,221513192,6,824,128711915,4,Hợp đồng,Tốt,1
24,9242294,178327856,6,563,17523983,0,Ổn định,Trung bình,0
44,17798117,60266617,36,447,45358959,4,Không ổn định,Xấu,0
47,50864714,108582193,36,622,84344451,0,Ổn định,Trung bình,1
32,34466306,162412937,48,544,79832879,1,Ổn định,Tốt,1
56,43887234,283575849,12,427,96859277,0,Không ổn định,Tốt,1
62,48949143,277874344,12,449,13816745,1,Hợp đồng,Xấu,1
25,38780788,82013383,18,801,106694329,3,Không ổn định,Xấu,1
25,50074923,228052037,12,589,204786824,2,Hợp đồng,Trung bình,1
36,36510480,269676091,18,515,72091561,4,Ổn định,Tốt,1
25,51838195,204571592,60,677,222257388,4,Hợp đồng,Xấu,0
44,42069902,244751383,36,751,232705088,3,Hợp đồng,Trung bình,1
25,33494872,38644718,36,692,138732112,4,Hợp đồng,Tốt,1
31,18218238,133757662,60,498,16936398,0,Không ổn định,Tốt,1
32,49092438,99391528,60,704,138451686,2,Ổn định,Tốt,1
55,33666042,195087994,60,541,139502733,3,Ổn định,Xấu,1
27,34812758,100338611,12,690,157822367,4,Ổn định,Tốt,1
38,42945754,204613358,24,535,102822448,5,Không ổn định,Xấu,1
22,18556128,167861841,24,473,82979370,4,Không ổn định,Tốt,0
41,53339593,147549415,6,781,255130823,2,Tự doanh,Tốt,1
39,27867454,170509962,60,651,26365028,1,Hợp đồng,Trung bình,1
40,25080468,243753154,36,730,23967757,1,Không ổn định,Tốt,1
51,57968732,297294584,60,591,30175271,4,Hợp đồng,Tốt,1
65,41010455,236565751,12,799,228517852,4,Ổn định,Tốt,1
32,10867317,153944066,6,633,3392975,2,Hợp đồng,Trung bình,0
49,40898457,233106763,48,463,182851350,0,Hợp đồng,Trung bình,1
58,36937494,115339519,60,642,157539467,4,Tự doanh,Trung bình,1
36,57261930,68528795,18,414,207535864,0,Hợp đồng,Xấu,0
34,50444929,140856104,48,505,144463145,5,Không ổn định,Xấu,0
63,7597133,274528997,12,731,11623299,4,Ổn định,Tốt,1
58,27499053,167842737,24,592,93605912,3,Tự doanh,Tốt,1
39,52445864,299515343,60,719,213219647,4,Ổn định,Tốt,1
55,50442394,171760995,18,750,58038177,3,Ổn định,Trung bình,1
60,28819579,168651464,18,735,80206129,1,Hợp đồng,Xấu,1
23,47267553,236948691,48,563,75124081,5,Ổn định,Xấu,1
38,24409802,244715743,24,598,9480873,4,Hợp đồng,Trung bình,1
63,42878754,275408391,48,583,136181295,2,Hợp đồng,Xấu,1
38,13550030,272748559,12,779,34715663,5,Hợp đồng,Xấu,0
61,12992809,139321444,18,514,41216287,3,Tự doanh,Trung bình,0
57,26733436,268979590,60,460,126308699,0,Ổn định,Trung bình,1
52,15040711,224907101,36,552,55446317,0,Hợp đồng,Tốt,0
41,34460399,265656793,12,561,192110788,1,Ổn định,Trung bình,1
60,18866475,188262897,48,429,632635,3,Tự doanh,Tốt,1
56,58303635,105059206,24,802,47266839,1,Không ổn định,Xấu,1
45,35791410,276302321,24,402,10126812,4,Hợp đồng,Xấu,0
20,28623357,122315095,6,746,1106982,5,Hợp đồng,Tốt,1
39,15652399,75141056,24,657,79010042,2,Hợp đồng,Tốt,1
39,26517122,264773572,48,666,140691759,2,Không ổn định,Xấu,0
41,39895334,212871348,60,496,44260579,3,Ổn định,Tốt,1
28,21172736,31764596,36,658,22680748,0,Tự doanh,Xấu,1
44,49971220,157325766,60,673,26084925,4,Ổn định,Xấu,1
61,8324847,45895999,48,459,27969334,3,Không ổn định,Tốt,0
50,54101578,102209486,12,755,4995343,2,Không ổn định,Xấu,1
62,41917361,164942879,36,710,188099797,1,Không ổn định,Tốt,1
38,14651252,77049894,24,501,81738839,1,Tự doanh,Xấu,0
42,54206841,239986201,18,482,21155779,4,Không ổn định,Tốt,1
41,22737382,21469953,6,743,23891517,0,Không ổn định,Tốt,1
52,12036400,74379911,18,729,31025808,3,Tự doanh,Trung bình,1
23,13698062,113792319,60,420,38999266,2,Tự doanh,Trung bình,0
26,57882209,44636518,6,836,74299950,5,Hợp đồng,Trung bình,1
48,48728763,164047510,48,447,200049994,2,Hợp đồng,Tốt,1
45,37637792,165939278,60,597,185194273,3,Không ổn định,Xấu,0
27,15892701,51485542,60,481,13920137,3,Không ổn định,Xấu,0
31,48025202,223877144,60,583,15470595,5,Hợp đồng,Trung bình,1
27,34600819,256592505,6,432,70226169,5,Tự doanh,Tốt,1
62,29702971,298689518,36,752,165957272,0,Không ổn định,Xấu,1
50,30202855,226629060,12,829,149879389,4,Ổn định,Tốt,1
52,38493447,286199349,60,484,20096485,3,Tự doanh,Tốt,1
37,10378979,292155613,12,681,43172294,3,Không ổn định,Tốt,0
49,36809010,260571097,6,838,133803303,3,Tự doanh,Tốt,1
61,8192466,75106214,24,611,2404640,4,Ổn định,Tốt,1
52,44737500,131052416,48,743,122462381,2,Tự doanh,Tốt,1
49,29278305,274011710,48,736,97521137,5,Không ổn định,Tốt,1
62,21881196,21179479,18,581,111385129,5,Tự doanh,Xấu,0
64,14135164,44576935,12,652,18850770,5,Không ổn định,Tốt,1
59,20148067,120686598,6,836,52733674,1,Không ổn định,Tốt,1
26,57811432,242517075,6,724,316115557,0,Không ổn định,Trung bình,1
51,7291093,46076682,36,621,39266786,3,Hợp đồng,Xấu,0
28,13949388,227986784,48,707,81357521,2,Không ổn định,Trung bình,0
37,33700603,204070917,18,631,35801728,1,Không ổn định,Xấu,1
64,43762636,188529572,48,777,251124610,4,Hợp đồng,Tốt,1
59,54941534,176003678,48,576,71227591,5,Hợp đồng,Xấu,1
65,14744715,209106231,36,645,78222933,4,Không ổn định,Xấu,0
47,7857014,77160899,6,595,9752710,0,Ổn định,Tốt,1
30,26234443,154518916,12,829,16651809,5,Tự doanh,Tốt,1
42,37373103,75018534,36,844,181335132,5,Hợp đồng,Xấu,1
35,41287415,174424827,48,740,12611065,3,Không ổn định,Trung bình,1
55,10610604,26960659,48,528,13628952,4,Không ổn định,Tốt,0
57,43682720,125478535,60,771,258849579,1,Tự doanh,Trung bình,1
63,11997529,120382285,12,776,68967357,0,Không ổn định,Tốt,1
37,44352701,161862554,12,482,156762563,2,Ổn định,Trung bình,1
65,17388834,41442942,12,565,80111922,0,Tự doanh,Trung bình,1
24,59615459,190649253,36,512,98713971,4,Ổn định,Xấu,1
46,43445492,236582888,6,578,59377407,1,Tự doanh,Trung bình,1
38,21659614,274937010,36,821,100949683,5,Ổn định,Tốt,1
48,23129472,150903711,6,749,86150872,3,Ổn định,Trung bình,1
54,55585180,171842662,6,664,201304066,4,Không ổn định,Trung bình,1
38,50723317,123354303,18,663,44208874,0,Hợp đồng,Xấu,1
60,11393739,133162442,48,722,28611881,5,Không ổn định,Tốt,1
54,54160275,253666494,48,818,38719394,5,Hợp đồng,Tốt,1
65,29261042,40340060,6,437,14567475,1,Tự doanh,Xấu,1
56,22277039,158860567,24,598,60549061,5,Không ổn định,Trung bình,1
21,33139027,83514922,36,403,172180607,5,Ổn định,Xấu,0
64,11871395,212038796,36,454,38901209,5,Tự doanh,Xấu,0
38,58356684,254975592,24,602,16545907,3,Hợp đồng,Xấu,1
28,57113806,229912534,60,808,292983595,2,Hợp đồng,Trung bình,1
20,44146379,95899519,6,421,1350186,4,Không ổn định,Xấu,0
39,21096410,204603948,12,611,121551336,5,Hợp đồng,Tốt,0
34,48398446,155689711,12,458,97365824,5,Ổn định,Xấu,1
61,43887367,59269194,18,743,18082552,2,Ổn định,Tốt,1
41,30967149,88834981,48,735,62956932,0,Tự doanh,Xấu,1
32,28326253,280844763,24,568,165448161,5,Tự doanh,Xấu,0
56,45041457,215685920,60,561,229945781,1,Ổn định,Trung bình,1
34,54794874,254142326,18,830,192997578,1,Tự doanh,Trung bình,1
48,31074741,183998920,24,682,29214538,1,Ổn định,Trung bình,1
54,20182323,161323027,48,720,10262606,5,Ổn định,Tốt,1
57,45849374,237504908,60,702,114225020,0,Tự doanh,Xấu,1
61,59022606,99796726,18,600,119886840,4,Tự doanh,Tốt,1
52,41253169,68615821,24,586,134799501,0,Hợp đồng,Xấu,1
52,16420117,259562778,12,491,76015183,4,Hợp đồng,Xấu,0
42,9712528,137477616,60,649,15552473,0,Tự doanh,Trung bình,1
22,51868020,131010986,36,805,193945351,3,Không ổn định,Trung bình,1
22,50521759,193984355,6,760,279909944,5,Tự doanh,Xấu,1
57,43530714,113334910,24,734,101607791,2,Ổn định,Xấu,1
44,21958515,297224991,24,580,109687661,2,Không ổn định,Trung bình,0
52,16326005,256168817,12,517,10346606,4,Tự doanh,Tốt,0
31,17560073,214466962,36,767,15882013,5,Hợp đồng,Trung bình,1
27,39314035,277061655,24,507,158589225,1,Không ổn định,Tốt,1
22,15582224,106505548,12,722,68805754,0,Hợp đồng,Tốt,1
36,19082114,297369357,24,706,75645742,5,Ổn định,Xấu,0
25,21535338,261164216,36,641,116407357,3,Hợp đồng,Tốt,1
58,16577249,117648309,36,737,68559074,2,Hợp đồng,Xấu,1
49,47032676,56959751,12,593,206943274,1,Ổn định,Tốt,1
53,40846994,245375731,60,476,162540627,0,Hợp đồng,Trung bình,0
54,40777851,83091141,6,646,177004356,1,Ổn định,Xấu,1
53,35231626,218844879,60,422,187272065,4,Không ổn định,Tốt,1
44,30522852,72461366,24,468,68321662,3,Hợp đồng,Tốt,1
58,43489171,239390528,18,496,1468194,5,Ổn định,Xấu,0
53,7482784,221342633,48,505,21199805,3,Tự doanh,Tốt,0
47,50726520,156168035,18,837,287819121,3,Tự doanh,Xấu,1
63,33672696,129357203,24,682,149669591,3,Hợp đồng,Trung bình,1
36,27579140,204874883,60,761,106872141,5,Hợp đồng,Xấu,1
34,36970474,106863095,6,509,136457431,3,Tự doanh,Xấu,0
30,33112305,22840387,60,446,39011304,3,Không ổn định,Tốt,1
36,21882749,219090595,6,711,5067435,5,Không ổn định,Trung bình,1
65,47095705,50850228,60,819,94097968,5,Không ổn định,Trung bình,1
32,51082753,298181425,18,499,18043881,4,Hợp đồng,Xấu,0
63,9420021,213133942,12,735,19278,1,Ổn định,Trung bình,1
42,51940259,232140846,24,700,107540818,4,Ổn định,Xấu,1
25,43882538,172736436,48,824,150085984,4,Tự doanh,Trung bình,1
34,47692359,124434919,24,606,2497229,2,Hợp đồng,Trung bình,1
55,11857740,290136891,18,574,15704681,4,Tự doanh,Xấu,0
64,36713700,222443434,36,647,206686495,1,Tự doanh,Trung bình,1
57,8835474,278755763,6,532,4533489,3,Hợp đồng,Xấu,0
40,34677438,209567115,36,674,2610048,5,Tự doanh,Tốt,1
25,33771781,203606030,6,683,47911902,3,Tự doanh,Trung bình,1
56,25057370,118131653,48,749,51047698,3,Hợp đồng,Tốt,1
36,20876679,143054856,12,827,33513553,4,Tự doanh,Tốt,1
27,12267211,284497432,36,403,72675403,0,Không ổn định,Trung bình,0
51,45555342,167496175,24,493,150466998,3,Hợp đồng,Xấu,0
23,42281508,247190814,24,676,8740968,4,Tự doanh,Trung bình,1
49,15077771,298209265,24,561,1129926,0,Hợp đồng,Trung bình,0
40,31266721,159425791,12,680,70558000,1,Tự doanh,Trung bình,1
43,19342237,287775115,24,507,56249702,5,Tự doanh,Trung bình,0
37,37247910,116577292,36,467,154590026,5,Hợp đồng,Tốt,1
35,44268239,252045672,60,595,52630319,1,Hợp đồng,Trung bình,1
31,35287773,288219542,12,834,169289352,4,Tự doanh,Trung bình,1
36,44724472,45613737,24,450,185366272,1,Ổn định,Tốt,1
50,49269337,71701682,24,781,179667360,2,Tự doanh,Trung bình,1
42,8331126,241062454,6,579,45606234,4,Hợp đồng,Xấu,0
38,30830964,194531518,48,661,130860605,5,Không ổn định,Tốt,1
59,26228271,268975002,48,474,44983215,5,Tự doanh,Trung bình,1
24,12309111,106972814,18,516,42074850,2,Tự doanh,Xấu,0
58,50261346,232308462,18,627,194972637,5,Không ổn định,Trung bình,1
31,8550288,87130291,48,520,44427581,2,Ổn định,Tốt,0
45,13912838,71300014,6,849,63509922,4,Ổn định,Tốt,1
53,58338037,64695151,6,534,331841078,1,Ổn định,Xấu,1
39,22391817,152819993,48,545,118959971,5,Hợp đồng,Tốt,0
21,9359210,211577681,60,566,31954203,3,Tự doanh,Xấu,0
28,53816678,115045822,36,705,245104883,5,Không ổn định,Xấu,1
42,39323097,141938655,60,445,118610973,2,Tự doanh,Trung bình,1
29,27372433,25667113,6,667,36587874,2,Tự doanh,Trung bình,1
64,40012974,276123434,18,404,205586448,3,Tự doanh,Xấu,0
20,43789897,220598530,12,610,236803576,4,Không ổn định,Trung bình,0
30,54978675,229231085,60,593,118429657,2,Ổn định,Trung bình,1
53,58307296,165956473,18,732,285585400,2,Không ổn định,Tốt,1
31,16168683,175475293,6,726,61115104,4,Không ổn định,Trung bình,1
32,28518036,30412825,12,425,143605118,0,Hợp đồng,Tốt,1
37,15391238,255373136,48,404,31247296,0,Hợp đồng,Tốt,1
33,29945383,245616259,18,802,133787091,2,Không ổn định,Xấu,1
41,12383680,98430306,6,536,52669959,0,Không ổn định,Tốt,1
36,32607226,26772890,6,793,191846129,1,Không ổn định,Trung bình,1
22,20366735,267408710,48,794,12611138,4,Hợp đồng,Trung bình,1
63,27945304,193443229,12,722,11324195,5,Ổn định,Trung bình,1
60,27053006,126688936,18,426,58462087,0,Hợp đồng,Xấu,1
40,8011176,109850905,60,541,39238342,0,Không ổn định,Tốt,0
22,45995418,275159002,48,705,83210666,2,Ổn định,Tốt,1
51,13133854,201688979,60,720,8060088,0,Tự doanh,Xấu,1
64,42994062,77655456,12,649,62458120,2,Tự doanh,Trung bình,1
21,53254783,222813154,18,770,72333785,2,Ổn định,Trung bình,1
55,26777961,283116139,12,690,50097230,4,Tự doanh,Trung bình,1
37,47176730,106083714,6,671,83228671,3,Tự doanh,Trung bình,1
49,7048306,291633989,24,775,12450995,0,Tự doanh,Xấu,1
40,55385730,54006347,48,675,208032562,1,Không ổn định,Xấu,1
59,26000471,193194578,24,728,86442674,0,Ổn định,Xấu,1
22,15709003,115905975,60,416,27122588,0,Không ổn định,Tốt,1
22,45319978,228627401,48,650,137405953,0,Tự doanh,Tốt,1
20,21008176,283821316,60,440,62821834,5,Ổn định,Trung bình,1
43,54542186,51299586,60,715,142708683,4,Ổn định,Xấu,1
39,12230154,135910462,36,449,13586205,5,Hợp đồng,Xấu,0
32,19960026,153553632,36,720,24011268,4,Không ổn định,Xấu,1
60,45692532,212180118,48,634,229284139,0,Hợp đồng,Tốt,1
52,29650105,104920336,36,707,118920173,2,Tự doanh,Xấu,1
43,34671889,251170208,60,771,86825694,4,Hợp đồng,Xấu,1
44,58385808,156413061,18,631,240249618,3,Ổn định,Xấu,1
38,46980966,28752309,36,469,162050004,0,Tự doanh,Tốt,1
40,8456354,168153356,36,661,37334210,4,Hợp đồng,Tốt,0
49,30867653,103809365,12,535,98538063,4,Hợp đồng,Tốt,1
39,13167648,234640048,36,511,10361818,5,Tự doanh,Trung bình,0
51,53277943,71198186,36,728,161272401,0,Không ổn định,Tốt,1
41,30349200,253165399,24,844,32357351,1,Ổn định,Xấu,1
23,27453667,42109554,18,676,151642651,1,Tự doanh,Xấu,1
29,10390327,230927293,24,785,39938645,4,Ổn định,Tốt,1
38,59772283,231700229,12,467,180478917,0,Không ổn định,Xấu,0
55,33789274,160959740,6,604,134707116,3,Hợp đồng,Tốt,1
55,20294838,281918433,24,733,76682706,1,Hợp đồng,Tốt,1
37,59128279,250889782,18,750,309247436,0,Ổn định,Xấu,1
47,31512696,206996359,12,564,92482701,4,Ổn định,Trung bình,1
42,48353890,257409741,36,474,236472000,0,Hợp đồng,Tốt,1
29,57850653,66071276,6,778,29279874,1,Hợp đồng,Trung bình,1
41,53559809,79741917,18,630,252968370,0,Tự doanh,Tốt,1
33,43669908,158865957,36,647,167246560,5,Hợp đồng,Xấu,0
44,46124799,43344225,18,487,32271337,2,Hợp đồng,Xấu,1
23,38202992,24474379,6,598,177267481,2,Tự doanh,Tốt,1
38,50581244,227513077,12,594,273020510,5,Ổn định,Trung bình,1
58,42672431,67255736,12,501,134392430,3,Ổn định,Tốt,1
53,27463339,199083834,24,601,42145776,0,Tự doanh,Xấu,1
42,48958540,182310150,12,656,148111020,0,Tự doanh,Trung bình,1
55,25803490,141108790,12,574,105453954,5,Hợp đồng,Tốt,1
53,52499467,142099464,24,523,307572569,1,Không ổn định,Trung bình,0
48,43388691,90744624,12,734,37198853,4,Hợp đồng,Tốt,1
64,54320901,92613131,24,794,77928098,5,Hợp đồng,Trung bình,1
55,42766443,83558694,12,562,225357606,1,Ổn định,Trung bình,1
46,27357346,257836221,48,820,73496598,1,Hợp đồng,Tốt,1
31,8758132,163270772,36,690,41094919,1,Hợp đồng,Tốt,0
42,12333505,275873869,12,657,62916371,5,Tự doanh,Tốt,1
51,38799328,93826583,12,498,60739712,0,Không ổn định,Tốt,1
46,21935360,128895446,60,504,8876667,1,Không ổn định,Xấu,1
64,28803376,265642563,12,618,108680595,0,Không ổn định,Xấu,0
45,48037397,40675958,36,455,242456052,3,Ổn định,Tốt,1
22,44426677,227982639,36,791,169288430,0,Hợp đồng,Trung bình,1
45,27438282,173499226,24,485,113403829,2,Ổn định,Xấu,1
49,50359138,262503567,6,769,268788606,0,Hợp đồng,Xấu,1
45,34753495,193656764,24,412,48017352,3,Hợp đồng,Trung bình,0
36,28748290,108043621,48,775,33163648,0,Ổn định,Xấu,1
60,31356718,65798603,36,762,103102669,5,Hợp đồng,Trung bình,1
22,58557077,111743174,18,689,80578815,1,Hợp đồng,Tốt,1
46,27673704,186171374,48,793,119791532,2,Hợp đồng,Tốt,1
32,7237088,155887921,6,634,33395223,3,Ổn định,Xấu,0
35,21554157,275395929,24,609,59307507,0,Ổn định,Tốt,1
59,49187009,131474589,6,494,79594426,0,Tự doanh,Tốt,1
22,51761380,180224585,18,444,26323514,0,Không ổn định,Tốt,1
63,26084455,115251242,24,783,155415080,2,Ổn định,Tốt,1
40,31734275,223441514,60,434,114708868,4,Ổn định,Trung bình,1
28,15188840,167327333,18,669,55533646,4,Hợp đồng,Xấu,0
59,10904701,78681191,36,773,42210039,4,Ổn định,Trung bình,1
47,47858869,189913503,18,669,189973566,1,Không ổn định,Xấu,1
51,19073369,144941479,48,548,25978571,0,Ổn định,Tốt,1
60,14913861,131309895,60,715,55650977,3,Ổn định,Trung bình,1
55,49782138,133998060,6,727,108011523,5,Tự doanh,Trung bình,1
39,27151717,292026922,36,565,1645849,0,Tự doanh,Trung bình,1
56,48338613,35632274,60,489,104161323,2,Tự doanh,Xấu,1
50,9386273,92882318,24,479,42090712,3,Tự doanh,Trung bình,0
23,41968632,180708951,36,771,182052289,2,Ổn định,Tốt,1
42,11443481,100157463,18,830,4183991,2,Không ổn định,Xấu,1
56,47647106,229146800,12,704,62730484,2,Tự doanh,Xấu,1
37,34774316,66599206,24,849,63791605,2,Không ổn định,Trung bình,1
53,27288237,113959253,6,591,10038152,1,Ổn định,Trung bình,1
50,40558076,102719876,12,574,129781011,5,Tự doanh,Trung bình,1
26,41638013,91251982,12,770,9811997,3,Không ổn định,Xấu,1
20,27869602,43638404,48,834,159527856,0,Tự doanh,Trung bình,1
26,41935378,187761855,6,695,203606634,2,Hợp đồng,Trung bình,1
32,26231211,168525089,36,563,118411073,5,Ổn định,Trung bình,1
30,25363460,81450458,6,718,150223397,4,Ổn định,Tốt,1
55,28373160,165519991,12,760,76039093,4,Hợp đồng,Tốt,1
39,48155375,201859059,36,627,27233412,1,Ổn định,Trung bình,1
26,32742936,48883589,6,618,105204354,1,Không ổn định,Xấu,1
39,29302429,126379432,48,788,143206271,0,Không ổn định,Xấu,1
25,53882212,271403712,6,633,166640267,5,Không ổn định,Trung bình,1
34,16644998,158541021,18,600,24609232,5,Tự doanh,Trung bình,1
51,9030991,55092673,24,457,23584794,3,Không ổn định,Tốt,0
42,47563297,88394132,36,452,217801000,5,Ổn định,Trung bình,0
39,42751949,267483991,24,702,110982466,1,Hợp đồng,Xấu,1
50,32757486,55465657,18,506,186310274,4,Không ổn định,Trung bình,0
54,53582487,146784386,12,739,41819239,5,Không ổn định,Tốt,1
40,44251305,72427541,60,627,47291349,2,Không ổn định,Tốt,1
63,47024089,223426303,18,653,33008016,0,Hợp đồng,Tốt,1
29,51350999,100109960,24,672,156499617,3,Không ổn định,Tốt,1
63,28246513,180919180,36,806,81752052,3,Tự doanh,Tốt,1
59,41253966,237001835,60,465,228842616,2,Ổn định,Trung bình,0
20,54201296,212867993,6,840,151509933,0,Hợp đồng,Trung bình,1
60,28349162,225508609,24,595,116820438,4,Hợp đồng,Xấu,0
50,16332753,121053512,36,596,48357021,3,Hợp đồng,Trung bình,1
28,7778647,58518336,48,408,9663400,5,Không ổn định,Xấu,0
28,12681667,93669570,48,812,55815175,3,Không ổn định,Xấu,1
49,41186256,247700205,36,819,120808240,3,Tự doanh,Tốt,1
47,47572224,23988947,36,655,127104168,5,Tự doanh,Trung bình,1
22,9541079,279452602,48,588,7594332,4,Không ổn định,Xấu,0
29,56001917,170012669,24,664,42001883,4,Ổn định,Tốt,1
60,56773712,61919908,48,724,289479297,4,Tự doanh,Xấu,1
41,42905474,25789292,24,632,137616954,3,Tự doanh,Trung bình,1
38,26408450,109930263,6,755,81623394,5,Tự doanh,Tốt,1
57,18346715,47713212,48,549,108568153,5,Ổn định,Trung bình,0
25,15510835,291439846,6,835,37292234,2,Hợp đồng,Xấu,1
37,24244006,27625181,48,457,46872546,4,Hợp đồng,Xấu,1
43,18770852,160258912,60,758,31701674,3,Hợp đồng,Xấu,0
41,12664086,97883998,36,820,20689702,3,Không ổn định,Trung bình,1
62,36540315,109809517,12,695,197128558,2,Ổn định,Xấu,1
27,10524772,109979779,24,604,31959384,2,Không ổn định,Xấu,0
44,52869576,229417497,24,534,77926723,4,Không ổn định,Tốt,1
48,32635860,189484039,36,749,11010582,0,Tự doanh,Trung bình,1
41,25141278,163391676,60,450,68543360,5,Không ổn định,Trung bình,1
63,46508618,124649928,36,572,96592016,2,Ổn định,Xấu,1
24,7802716,240787502,6,668,6973099,5,Không ổn định,Trung bình,0
38,23904461,123658786,6,412,24680301,0,Hợp đồng,Xấu,0
65,15051527,66378329,60,709,17435856,3,Hợp đồng,Tốt,1
36,26768165,270694867,48,438,121720382,2,Không ổn định,Xấu,0
36,17869356,59726871,18,797,8373492,3,Không ổn định,Trung bình,1
36,24761357,115525166,24,435,131995560,1,Không ổn định,Tốt,1
26,16655126,251527502,12,714,86347387,0,Không ổn định,Xấu,0
26,9339475,59148361,6,692,48824728,2,Không ổn định,Tốt,1
29,50813050,20465808,6,740,209639406,2,Hợp đồng,Xấu,1
45,45563454,21988436,36,762,263431527,3,Không ổn định,Trung bình,1
54,22156325,21775624,24,752,109786968,3,Ổn định,Xấu,1
41,52757221,182579586,24,428,48676461,2,Tự doanh,Tốt,1
38,50472623,129049472,12,683,21115765,3,Hợp đồng,Trung bình,1
26,49319994,212876844,24,443,235140733,5,Hợp đồng,Tốt,0
32,8702189,148035729,24,599,4227363,4,Tự doanh,Trung bình,0
21,9485892,202152305,6,572,52866922,5,Ổn định,Trung bình,0
33,50879126,266085713,48,845,288064207,1,Hợp đồng,Tốt,1
29,39809168,30234373,24,716,12294799,1,Hợp đồng,Tốt,1
60,10352624,185000474,60,806,6529171,3,Hợp đồng,Xấu,0
26,14662468,286901881,36,809,82628262,1,Ổn định,Tốt,1
41,56521536,235826729,18,461,309219932,4,Hợp đồng,Trung bình,0
22,46801277,113118999,18,432,64824743,2,Hợp đồng,Trung bình,1
64,31825403,108586989,24,524,156225625,0,Hợp đồng,Tốt,1
30,8048933,281438673,6,403,484794,1,Ổn định,Xấu,0
46,53540233,275557248,48,464,110681427,1,Tự doanh,Xấu,1
46,23056047,113710245,36,754,10098867,4,Hợp đồng,Xấu,1
59,12907002,181705392,18,614,613380,4,Hợp đồng,Tốt,0
53,13421234,214294282,60,789,72440371,4,Hợp đồng,Trung bình,0
37,10561401,124002092,6,807,10013811,5,Không ổn định,Trung bình,1
30,51972510,43147513,6,730,195524666,2,Hợp đồng,Trung bình,1
41,48394045,263281782,6,453,28162408,4,Hợp đồng,Tốt,1
51,41554603,82311968,6,520,193650165,3,Tự doanh,Trung bình,1
63,28856347,143514257,60,456,87545452,1,Ổn định,Tốt,1
32,32201551,138467419,6,641,157059506,3,Ổn định,Trung bình,1
33,47898393,264271365,12,598,200513276,1,Không ổn định,Xấu,1
60,31064579,164791149,12,571,34148149,0,Ổn định,Trung bình,1
27,38241477,266197685,24,487,204102103,2,Hợp đồng,Trung bình,0
60,48038955,111233417,36,683,123320482,0,Không ổn định,Xấu,1
33,46700320,274202467,60,636,149878724,0,Không ổn định,Xấu,1
35,28964459,253135505,36,513,158852487,1,Ổn định,Trung bình,0
22,38584963,290699082,6,617,142571903,3,Không ổn định,Xấu,0
48,40238016,149123626,6,685,202153022,0,Không ổn định,Tốt,1
42,26850159,148345644,48,446,4276220,3,Tự doanh,Tốt,1
56,57149561,33106883,24,637,74423146,5,Không ổn định,Tốt,1
60,38158362,20732101,60,721,18978009,3,Tự doanh,Xấu,1
38,35581816,164842069,48,713,145608815,4,Hợp đồng,Xấu,1
59,29528088,49426792,36,745,97707961,0,Ổn định,Trung bình,1
49,48549342,41944242,18,587,94095971,5,Ổn định,Xấu,1
28,29476750,148114959,36,458,174224918,3,Hợp đồng,Xấu,0
40,30670079,163536652,36,748,113529172,2,Ổn định,Tốt,1
42,37360764,281041083,36,669,222683271,0,Không ổn định,Xấu,1
48,48671334,217646796,60,744,35233547,1,Không ổn định,Tốt,1
45,18999858,174818904,6,455,22114547,2,Ổn định,Xấu,0
51,17099754,129659190,36,721,3045436,2,Không ổn định,Xấu,1
50,30266659,245555560,24,777,173056162,0,Tự doanh,Tốt,1
21,22591272,298969123,48,571,110512657,4,Tự doanh,Xấu,0
51,46819531,259045158,24,555,70842398,2,Hợp đồng,Trung bình,1
50,31957941,174697361,60,832,12702080,1,Tự doanh,Trung bình,1
30,48515571,106323410,48,674,153140594,1,Hợp đồng,Xấu,1
30,22965556,82769517,6,562,33949975,3,Tự doanh,Trung bình,1
33,44747879,38623561,48,562,184601461,1,Tự doanh,Trung bình,1
54,27237333,85224459,6,607,134061206,1,Không ổn định,Trung bình,1
20,56559559,292413149,18,731,158675887,3,Tự doanh,Xấu,1
56,55891745,257353600,18,752,60298988,5,Không ổn định,Tốt,1
63,43974299,82747379,18,412,107811711,4,Hợp đồng,Trung bình,1
25,28902083,49545959,36,728,52385110,4,Hợp đồng,Trung bình,1
21,12609599,259153487,48,743,11727533,4,Không ổn định,Tốt,1
40,47478179,294639449,6,741,193845227,3,Hợp đồng,Xấu,1
43,32911579,220162200,6,545,92588815,2,Tự doanh,Trung bình,1
33,55845411,258488988,48,612,237567723,2,Hợp đồng,Xấu,1
46,16366228,66212762,12,506,40698994,3,Tự doanh,Tốt,1
25,7444184,239827506,48,539,27817564,1,Không ổn định,Xấu,0
32,19482679,224960959,18,683,65845287,0,Tự doanh,Xấu,1
51,44532716,268813811,12,413,212391381,0,Hợp đồng,Trung bình,1
60,49718874,273693611,6,734,154451873,3,Hợp đồng,Trung bình,1
21,15009755,168829761,24,434,80381832,5,Tự doanh,Xấu,0
56,36264062,158465200,48,751,127786205,5,Ổn định,Trung bình,1
36,17928492,51412530,12,563,61880273,5,Hợp đồng,Trung bình,0
23,25298597,213898149,24,725,95558815,0,Tự doanh,Trung bình,1
52,20006693,118380251,60,448,80364540,1,Tự doanh,Trung bình,1
37,52999349,214627883,6,673,311410169,2,Hợp đồng,Tốt,1
53,25885626,220260470,60,648,110593932,2,Hợp đồng,Tốt,1
29,40781454,138709407,60,496,213434839,4,Ổn định,Trung bình,1
24,14822588,90454727,6,645,46735943,2,Tự doanh,Tốt,1
58,42106063,203634082,12,763,81788058,0,Ổn định,Tốt,1
64,16553573,141641223,18,464,28164383,1,Ổn định,Trung bình,0
24,8262076,279982366,60,620,2853263,1,Ổn định,Tốt,1
50,14980734,155835038,6,433,40486214,5,Ổn định,Tốt,0
58,20784240,127387296,12,743,47182050,0,Ổn định,Tốt,1
57,30342915,209087693,12,837,134388027,5,Hợp đồng,Xấu,1
26,45797894,27507768,36,511,102836290,2,Hợp đồng,Xấu,0
26,21362329,290687775,60,762,63715236,2,Hợp đồng,Trung bình,1
31,30811724,223804280,24,509,138043202,1,Không ổn định,Tốt,1
27,38266133,79225539,36,469,133094598,2,Tự doanh,Xấu,0
25,29019452,285060042,6,597,76131367,3,Tự doanh,Xấu,1
34,44172666,238657976,18,837,114880085,1,Ổn định,Trung bình,1
31,7858043,283951710,48,453,26599924,3,Ổn định,Tốt,0
45,33885440,74611664,48,486,17370569,2,Hợp đồng,Trung bình,1
58,34131377,85907437,12,829,114005666,5,Không ổn định,Trung bình,1
61,33859351,211178287,24,741,161910986,3,Không ổn định,Xấu,1
29,58539577,264080168,6,462,134588093,3,Không ổn định,Tốt,1
21,13684270,48374926,60,434,66858535,5,Ổn định,Tốt,1
58,52580633,195533105,12,555,51718722,0,Không ổn định,Trung bình,1
38,51432324,287307513,24,658,140480475,4,Tự doanh,Xấu,1
22,35884084,83959637,24,630,84438840,3,Không ổn định,Trung bình,1
22,18869489,182695814,48,484,65965276,3,Hợp đồng,Trung bình,0
51,58271919,78724010,36,745,263364019,5,Không ổn định,Trung bình,1
52,10740455,230123127,18,653,39664366,3,Tự doanh,Trung bình,0
23,8888912,44222787,12,828,24589365,2,Ổn định,Xấu,1
44,13533051,249860310,18,582,55288255,2,Ổn định,Xấu,0
35,22745221,187557159,36,443,17582585,2,Ổn định,Trung bình,1
21,43132540,195082646,6,635,176568194,3,Không ổn định,Trung bình,1
64,38521026,31938100,18,593,153103113,3,Tự doanh,Xấu,0
51,13714690,130546187,18,654,67480448,5,Tự doanh,Tốt,1
43,36258869,128318336,24,725,211298864,0,Hợp đồng,Trung bình,1
23,26952825,235836790,60,515,24684743,5,Ổn định,Xấu,0
37,11514398,275157763,24,507,46616029,0,Tự doanh,Xấu,0
47,51523825,188230093,12,612,215983682,2,Không ổn định,Xấu,1
21,49133893,297145711,60,495,268007910,1,Không ổn định,Trung bình,1
56,55762311,52148720,36,502,195568472,3,Hợp đồng,Tốt,1
63,58373854,181209275,60,622,220256803,2,Ổn định,Xấu,1
46,24913688,174105895,48,482,68839369,5,Hợp đồng,Trung bình,1
27,17063796,123034124,6,525,41680049,3,Không ổn định,Xấu,0
47,50414203,39866228,12,481,146411120,1,Ổn định,Trung bình,1
62,43957261,114481347,48,836,11336664,5,Không ổn định,Tốt,1
25,28065792,179976351,60,432,109255068,2,Ổn định,Trung bình,1
35,14511653,288568882,6,667,77902618,4,Tự doanh,Trung bình,0
35,47253327,85646873,60,813,168260888,2,Không ổn định,Xấu,1
47,21630295,97458612,6,489,28737174,2,Không ổn định,Trung bình,1
57,10753090,283259258,36,591,46950550,0,Tự doanh,Xấu,0
50,52817801,152256369,18,850,77798785,2,Không ổn định,Xấu,1
39,8414266,38688169,60,778,44441062,0,Hợp đồng,Trung bình,1
39,49879145,214806345,60,750,65527116,4,Hợp đồng,Trung bình,1
20,33372143,157188606,18,446,63205935,2,Hợp đồng,Tốt,1
60,28285881,238124647,60,417,73561118,0,Không ổn định,Trung bình,1
41,55142960,246756017,60,451,86083679,5,Tự doanh,Xấu,0
42,35244143,195432419,24,755,7341948,0,Hợp đồng,Xấu,1
61,16132994,21651310,24,502,84328498,2,Tự doanh,Xấu,0
27,17591284,154004894,36,765,103026515,5,Hợp đồng,Xấu,0
40,37298974,276820508,60,776,35838764,2,Hợp đồng,Xấu,1
38,20332096,65311341,24,588,24412762,3,Không ổn định,Xấu,1
21,8541496,142786266,6,636,13305419,2,Hợp đồng,Tốt,1
59,35783217,159671146,12,445,98762814,1,Ổn định,Tốt,1
49,52205204,285294240,6,514,109062839,1,Tự doanh,Trung bình,1
44,15737529,251557035,60,505,80541748,1,Tự doanh,Xấu,0
46,19104417,239324705,60,474,3861862,2,Tự doanh,Tốt,1
35,31805968,265974985,6,405,125864448,1,Tự doanh,Xấu,1
63,21241686,225887554,48,616,98798220,4,Tự doanh,Tốt,1
55,10942801,47977744,18,520,31603739,2,Ổn định,Tốt,1
52,48584536,224514357,18,602,199126072,1,Ổn định,Xấu,1
36,18399547,290446960,24,573,62825287,1,Ổn định,Trung bình,1
29,24475551,82729102,18,422,34325242,3,Tự doanh,Xấu,1
47,25986809,161313221,36,824,70801982,4,Tự doanh,Trung bình,1
40,56450457,283751138,60,477,298325586,5,Không ổn định,Tốt,0
29,10661940,143405440,12,418,31557777,2,Hợp đồng,Xấu,0
47,14786241,285703200,6,626,47851319,5,Không ổn định,Trung bình,0
27,55302541,99485731,6,578,50239243,1,Tự doanh,Tốt,1
52,25306731,134029317,36,402,141201185,4,Hợp đồng,Trung bình,0
35,58556614,287421184,48,448,176446802,0,Tự doanh,Xấu,0
45,32069073,76945854,60,565,41278789,0,Ổn định,Trung bình,1
49,49168306,164589234,36,736,3116728,2,Ổn định,Xấu,1
40,56093168,89428253,12,841,26136082,5,Tự doanh,Trung bình,1
24,43719032,224757698,6,604,68495039,1,Hợp đồng,Trung bình,1
21,20973591,107478114,24,799,54008708,2,Hợp đồng,Tốt,1
51,36015082,186484371,48,708,35241996,2,Ổn định,Trung bình,1
51,36893134,228353977,24,537,151144482,4,Không ổn định,Tốt,1
43,48195969,120049024,24,722,228716188,0,Ổn định,Xấu,1
49,52395122,140382677,48,751,83252408,3,Ổn định,Trung bình,1
47,12313889,276415648,18,476,17151649,5,Tự doanh,Tốt,1
38,45153784,45623920,36,439,24210142,4,Ổn định,Xấu,1
46,13340738,269460554,48,768,76299853,2,Tự doanh,Trung bình,0
52,8091773,81168648,48,738,31063280,1,Hợp đồng,Trung bình,0
25,34934169,179798292,18,700,194372686,3,Không ổn định,Xấu,1
41,19562224,133316470,12,440,100264577,4,Tự doanh,Xấu,0
47,42861366,29618162,6,602,31320583,0,Hợp đồng,Xấu,1
49,53426330,237481892,60,736,261307149,2,Tự doanh,Xấu,1
39,12881094,87156911,12,407,25609022,0,Ổn định,Xấu,1
21,21041152,278297826,48,474,87206603,1,Không ổn định,Xấu,0
25,27194256,268799702,12,642,113247343,0,Ổn định,Tốt,1
64,36881291,280407538,24,410,120666106,4,Hợp đồng,Tốt,1
56,33288783,47338638,18,404,27558528,5,Không ổn định,Trung bình,1
57,46986115,176108390,6,649,214576767,3,Không ổn định,Tốt,1
53,8276387,246561965,36,561,37128360,0,Tự doanh,Xấu,0
50,14847760,285637714,36,730,46541891,3,Không ổn định,Tốt,1
38,55735070,123187287,24,576,235208885,1,Hợp đồng,Xấu,1
58,54996203,271506459,12,550,209578957,3,Tự doanh,Trung bình,1
59,20905533,171643063,48,783,11568480,5,Không ổn định,Tốt,1
32,17490061,284240207,6,806,55832475,3,Tự doanh,Tốt,1
55,10157427,29733788,18,533,23960808,5,Hợp đồng,Tốt,0
24,29664995,251187602,6,716,60851702,0,Hợp đồng,Trung bình,1
41,59672794,210718545,60,423,299049098,2,Hợp đồng,Xấu,0
65,10383765,255056423,60,634,56478616,0,Ổn định,Xấu,0
55,9816521,292357691,6,485,42273626,0,Hợp đồng,Trung bình,0
38,54524038,257038121,60,659,267571630,5,Ổn định,Tốt,1
41,16245753,86026245,60,503,58936139,3,Ổn định,Tốt,1
41,26244023,291132015,12,443,71408027,2,Không ổn định,Trung bình,1
29,57546816,246410387,60,516,74085140,3,Không ổn định,Trung bình,1
53,52781575,214226133,6,626,78159977,0,Ổn định,Tốt,1
40,33954333,108221141,24,431,105566608,0,Hợp đồng,Xấu,0
60,54873417,299053880,18,614,215823617,5,Tự doanh,Xấu,1
42,7530309,170206142,36,712,9855729,5,Không ổn định,Trung bình,0
54,48900068,257374153,48,576,217167346,1,Tự doanh,Tốt,1
54,29447440,229376187,48,768,33824382,4,Tự doanh,Tốt,1
52,44029721,187639239,36,574,203218074,5,Hợp đồng,Tốt,1
54,46762243,158883233,12,826,163177666,5,Không ổn định,Xấu,1
23,32030188,159455686,48,659,95153215,0,Ổn định,Xấu,1
48,26995831,22798922,24,573,63376892,5,Hợp đồng,Trung bình,1
38,51756402,95146620,48,593,278993906,5,Hợp đồng,Tốt,1
53,46082125,123377318,60,798,193954031,3,Ổn định,Tốt,1
46,12499381,69525596,6,617,17456803,3,Hợp đồng,Trung bình,0
43,52420785,236226748,36,686,278606474,3,Tự doanh,Xấu,1
60,35415382,256266126,48,650,196418775,3,Hợp đồng,Tốt,1
51,54724506,265732690,12,760,275514358,4,Ổn định,Xấu,1
49,38766354,37505956,48,480,150062584,2,Ổn định,Xấu,1
27,15111208,218419953,36,548,5406577,4,Hợp đồng,Tốt,0
39,32129569,182811517,18,648,7510228,1,Hợp đồng,Xấu,1
23,27479206,172193402,12,493,131209548,0,Ổn định,Xấu,1
24,9998590,244183952,24,693,20783741,4,Không ổn định,Trung bình,0
50,55320629,91301614,60,470,270993032,5,Không ổn định,Trung bình,1
29,55846136,194599164,6,809,334787049,3,Không ổn định,Tốt,1
41,43305523,44599269,48,626,197545086,2,Ổn định,Tốt,1
56,49285913,185811548,36,730,66454745,5,Ổn định,Tốt,1
56,42014304,121681132,60,643,134926075,0,Ổn định,Xấu,1
21,25452422,130490716,12,824,119246940,0,Tự doanh,Trung bình,1
51,8561170,202512786,24,492,27845912,0,Tự doanh,Trung bình,0
25,14693670,73329336,36,486,38299260,1,Hợp đồng,Trung bình,0
29,27588611,238654868,48,486,15814534,4,Tự doanh,Tốt,1
65,10925988,180000597,24,450,21477619,1,Không ổn định,Trung bình,0
44,15117908,47851853,12,522,80128603,4,Hợp đồng,Trung bình,0
27,25071580,52551544,18,637,148477311,3,Ổn định,Trung bình,1
46,49516236,145488448,6,537,54497455,1,Hợp đồng,Trung bình,1
48,12630994,288667586,12,800,19108179,2,Hợp đồng,Tốt,1
55,37315892,42436953,6,816,124729084,4,Tự doanh,Xấu,1
20,11038277,278871778,18,706,16836872,5,Không ổn định,Trung bình,0
57,41247560,171027849,6,482,198422910,4,Ổn định,Trung bình,0
45,53870797,86022755,60,471,298757431,2,Không ổn định,Tốt,1
63,29993862,160316864,60,762,121525584,2,Hợp đồng,Xấu,1
41,21134730,266852890,36,568,2130654,5,Hợp đồng,Xấu,0
58,38979316,22297401,6,744,46583221,3,Không ổn định,Trung bình,1
61,50705753,61619904,36,415,239002459,5,Ổn định,Trung bình,1
58,31022674,227635381,12,829,2263280,0,Không ổn định,Trung bình,1
48,7628360,138928055,48,410,18866615,5,Tự doanh,Tốt,0
59,48958915,182767734,60,767,118727756,1,Không ổn định,Trung bình,1
37,40073789,132252365,6,500,220418653,5,Không ổn định,Tốt,0
56,40576285,285220309,12,682,52014806,5,Hợp đồng,Tốt,1
24,15551743,159384828,36,838,30596967,4,Tự doanh,Tốt,1
64,52481989,155785965,48,686,243699732,0,Không ổn định,Xấu,1
40,36027816,238439833,18,462,182582677,4,Không ổn định,Trung bình,0
53,57937085,43334917,48,514,25213953,2,Không ổn định,Xấu,1
40,7346233,230377639,12,571,5490102,4,Ổn định,Xấu,0
64,35442095,59964867,12,500,44152686,2,Tự doanh,Tốt,1
21,39210001,251900821,60,412,159056267,5,Tự doanh,Trung bình,1
26,38781182,147968126,18,826,14611709,2,Hợp đồng,Tốt,1
26,48966444,259689343,36,463,45921089,0,Ổn định,Trung bình,1
64,11363969,88470259,6,810,59313284,0,Tự doanh,Xấu,1
24,13833533,49952006,36,426,39583058,3,Không ổn định,Tốt,1
34,47236854,25694346,24,596,249220357,3,Ổn định,Trung bình,0
49,41709569,196197635,36,498,28992798,0,Ổn định,Xấu,1
57,59976839,123946014,36,464,342182050,4,Tự doanh,Trung bình,1
50,55628628,258705863,12,524,73912469,0,Ổn định,Tốt,1
57,36249272,295482280,48,786,96031077,2,Hợp đồng,Tốt,1
39,47488756,204093206,18,588,4338905,4,Hợp đồng,Tốt,1
52,44544048,49317064,24,576,52454200,1,Hợp đồng,Tốt,1
32,51819335,275402944,48,754,250934746,4,Tự doanh,Xấu,1
59,27107935,244785320,18,483,28144893,3,Ổn định,Trung bình,1
20,49866931,139735682,48,517,250470012,4,Hợp đồng,Tốt,1
41,56666021,221816112,12,604,98915517,0,Tự doanh,Tốt,1
42,9014446,81841782,12,548,29555288,1,Tự doanh,Tốt,0
32,20275810,172525503,12,512,118833991,2,Hợp đồng,Trung bình,0
31,20152502,31538444,12,831,35136671,0,Ổn định,Xấu,1
44,50947527,79576034,18,507,163784485,3,Hợp đồng,Trung bình,0
62,18499761,252850611,48,433,15903904,1,Hợp đồng,Tốt,0
54,32380272,220926787,18,706,115303808,5,Hợp đồng,Tốt,1
54,26742269,99761258,18,526,14296597,5,Tự doanh,Tốt,1
33,55808179,63705424,60,640,330114649,0,Hợp đồng,Xấu,1
61,57407901,293352399,18,655,278578217,3,Hợp đồng,Trung bình,1
53,53607755,279468128,48,653,254346974,2,Không ổn định,Xấu,1
33,21732159,128985060,24,841,31458567,3,Hợp đồng,Trung bình,1
44,45344017,104401117,60,591,136649345,4,Ổn định,Tốt,1
